timestamp,Load.671,Load.634a,Load.634b,Load.634c,Load.645,Load.646,Load.692,Load.675a,Load.675b,Load.675c,Load.611,Load.652,Load.670a,Load.670b,Load.670c
2000-01-01 00:00:00,0.8480125872866265,0.7486864013971898,0.7051988530556353,0.8072529631599626,0.7503137445043997,0.7361494273077154,0.8079659782472738,0.6008003885562435,0.9086422681845181,0.7337144159630735,0.7970547728766518,0.8064464415149319,0.7848400893119007,0.815828920088237,0.8523659148355173
2000-01-01 00:05:00,0.8492226847506926,0.7302216492869577,0.7186785635046169,0.8088514708275453,0.7414443788125403,0.740960328480223,0.8074593262965198,0.6077633794115016,0.8954338011659237,0.7399267167122072,0.7968246875263528,0.8100924540283466,0.785416791293325,0.8153306182250605,0.8540287357856033
2000-01-01 00:10:00,0.8489822875496988,0.6919234482869988,0.7098709770103006,0.8104036538528131,0.73990995393443,0.7423372539346199,0.8078218681146913,0.6104649310311436,0.8985809224759213,0.7398168095772494,0.7926551358071267,0.7976653547366553,0.7898963320926707,0.8110067570458578,0.8556084007646293
2000-01-01 00:15:00,0.847830650904844,0.7678768929275442,0.7058191906471593,0.8106886477925904,0.7411259871512963,0.7407843066552737,0.8078953067375422,0.6081692166402594,0.8963548901478944,0.7320783132403881,0.7947009734770498,0.8007947495894739,0.7903417170487756,0.8085648227087688,0.8646782065705234
2000-01-01 00:20:00,0.9382172651442595,0.8151360426082688,0.7002863215423863,0.8200092685107924,0.741921997809632,0.736519880061512,0.8517607251059182,0.612961040855528,0.8869997089956674,0.7328173394208092,0.8246452647660542,0.804624255309023,0.7904093037195549,0.8086711868958549,0.9302072033334139
2000-01-01 00:25:00,0.8503065525107704,0.8043110080384965,0.7285721110669889,0.8099719177988564,0.7454183211400522,0.7244131226564787,0.8919056337396363,0.6021159295337346,0.8852578477202592,0.7233044115740485,0.8026523086822942,0.8086130789447414,0.790713006969537,0.8080361770355424,0.9094660065812322
2000-01-01 00:30:00,0.8530163945755805,0.8536480580285596,0.7472157498137323,0.8082844046188247,0.7632011640297912,0.7321463468688443,0.8875981026825969,0.596404380582978,0.8988087967489532,0.7224351564406506,0.7999271514892079,0.7963084644453552,0.7858797022638879,0.8061334492600414,0.908494771362148
2000-01-01 00:35:00,0.8045322405671917,0.8985844710502673,0.7478843640501385,0.8073253651974813,0.764612769324474,0.7364732077463764,0.8173230745126654,0.598034783612847,0.8977085953544323,0.7207326030047015,0.8026074153493716,0.7981153983726712,0.7859329515360036,0.8832659514268894,0.8569502956231237
2000-01-01 00:40:00,0.8542455816897361,0.7839840012707109,0.7465983665821988,0.8017170473365106,0.7547448047357548,0.737042932055231,0.8625821848017751,0.6043616814374668,0.8959282495185028,0.7426201430281518,0.7988079478756539,0.7877075828723968,0.7865354492059063,0.8157226142642605,0.8536026497595907
2000-01-01 00:45:00,0.8542929717265101,0.7249905992282399,0.751676497842051,0.7977422767891617,0.7530981846501762,0.7359875060709288,0.8606506095738247,0.6151317660431163,0.9048751113709853,0.7354072329739056,0.794427264675993,0.7957861654743771,0.7864412129862767,0.8174313532389459,0.8537821458281906
2000-01-01 00:50:00,0.8525281262020616,0.7579026456044816,0.7456058469170758,0.8003874305263236,0.7528851561097865,0.7395289846918577,0.8614457840957123,0.6187523193907755,0.8964421471850555,0.7445889389963751,0.798154676023581,0.7884347761939839,0.7867801103890556,0.8179143230163052,0.8997298429976543
2000-01-01 00:55:00,0.8411777846408307,0.7569885744587426,0.7375440728123577,0.8092232256016311,0.7550478493666336,0.7344044552286875,0.8535782997986618,0.6219332785627859,0.8954696637064915,0.7460459892851214,0.8033547876454279,0.7927782897331743,0.792674003885064,0.8175278205591199,0.861777903225232
2000-01-01 01:00:00,0.8455156511337668,0.7587559545914655,0.726983950548331,0.8053485825787023,0.7509182227203908,0.7311795248153665,0.8502353432333375,0.6265364323535304,0.8914024670114845,0.744631503952082,0.7988037272022753,0.8142312039282674,0.7940453388405377,0.8143152447810507,0.8603465329439988
2000-01-01 01:05:00,0.8596293765034301,0.7565520107411426,0.7249517626759785,0.799847180149422,0.7533339966563044,0.732427463860294,0.8573202007773386,0.6156653882322684,0.8923185045504957,0.7422182501585863,0.8040834639657242,0.8024015930946474,0.7938157821340648,0.8103809314476013,0.910801645314926
2000-01-01 01:10:00,0.8679201671896772,0.767484537916236,0.7331258272754275,0.810044577641113,0.7570993049899373,0.7306561393366113,0.865354640958245,0.6133178111450865,0.8930985025711037,0.7335598309644602,0.8057216839511231,0.793897876665035,0.7957663657458822,0.8140496290258294,0.9047873894050356
2000-01-01 01:15:00,0.8557622312440877,0.7685840555245081,0.7335468827467063,0.8097132434660147,0.7509454219240366,0.7357440745083119,0.9220521844001883,0.6079638363068869,0.9046466587151004,0.7323265990840463,0.8130449873584765,0.7964332993044438,0.7961393204472124,0.8208087345716576,0.8638785843645546
2000-01-01 01:20:00,0.85358588897744,0.742110094342513,0.7416236648655532,0.8093948923891136,0.7482538230538069,0.7355632183559896,0.8853594956995114,0.6260080173795403,0.910205103798102,0.7329192900738618,0.7932494910305596,0.797427537447514,0.7956570505567586,0.8259058470413294,0.8585812968636746
2000-01-01 01:25:00,0.8526246353515556,0.6932515457651126,0.7438650187069753,0.8114429786948284,0.7523173175425248,0.7357681175553102,0.8671802277636382,0.7137346683004381,0.9042921404661395,0.7366173097905846,0.790545698195194,0.7863679659696642,0.797272729842876,0.8245350929681559,0.8631562390630149
2000-01-01 01:30:00,0.8425566548789332,0.6920715538763178,0.7370918930651791,0.8077426736742055,0.7577615489259254,0.7352100604911064,0.86508172033964,0.7095997192999646,0.9056829983867878,0.7411447002606585,0.7943800065996011,0.8228638593691762,0.837563568361268,0.8528680402970017,0.9274229756349851
2000-01-01 01:35:00,0.8418664494763347,0.6903791040219914,0.7289800554788088,0.8148958844627008,0.7597917756361643,0.7325919197429118,0.8608842920491497,0.7068538129476044,0.9071176191859099,0.7499549792116388,0.8410795633882582,0.874651115345812,0.8722704727648138,0.8956057832339754,0.921050499744106
2000-01-01 01:40:00,0.8492149286301409,0.6909926561159788,0.7280641459438764,0.8133018126923502,0.7643787874535498,0.7251201002912747,0.8534907816311367,0.7010228371098831,0.8809558713242295,0.7348541148360346,0.8659235487932934,0.8779655902231821,0.8234833362304487,0.891502182755645,0.9105307866173095
2000-01-01 01:45:00,0.8658861280504964,0.7243704332610716,0.7288209156499861,0.8050421238403954,0.7725868109194397,0.8077031196832065,0.8650592026670082,0.703433950392632,0.8960657602577042,0.8106190400530384,0.865290980091587,0.8748545361840939,0.8733924443724614,0.8877008232602235,0.8668659412028297
2000-01-01 01:50:00,0.8614652628476263,0.7982686378261524,0.7312029167041321,0.8035456895947888,0.7676124563396958,0.8313698372981717,0.8677487797990993,0.8513375174259306,0.8309881040648185,0.8145459260538533,0.861333257427893,0.8778708728762464,0.8707827339835313,0.8871344051455479,0.8590383589499911
2000-01-01 01:55:00,0.8536259503892316,0.7237684827532621,0.7460464016252587,0.8074355167783936,0.7591356834836179,0.838424222829653,0.8682180370575787,0.8789662514870021,0.8219044769726648,0.8150325775775051,0.8575774562200194,0.8753884084801361,0.8918089305437963,0.8874361714891251,0.859642912910085
2000-01-01 02:00:00,0.8528730045549152,0.6875895287394832,0.7489571089378448,0.8153086176900902,0.7592137374772936,0.8397247764611835,0.8699164419633874,0.7978005986340848,0.8083759789580932,0.8114528788430747,0.8630480394915184,0.8848441913855126,0.9023640271265764,0.8933067093299465,0.8592478524149895
2000-01-01 02:05:00,0.914702970888152,0.7309040105902739,0.7524670566818157,0.8153554626699266,0.7580266424462725,0.8368593602497495,0.8701499452276733,0.7378572115097167,0.8181646128729364,0.8191567235377514,0.8667302980645913,0.8845610180025516,0.9661231446568553,0.8993953431723198,0.8596289781421862
2000-01-01 02:10:00,0.9481757743872514,0.7003997447560358,0.7448756592979549,0.8226151390551923,0.7544376810619274,0.8321031755676195,0.8699472096544912,0.7531358178508198,0.8192520549686744,0.8157922366957964,0.8671245745580591,0.8805875604077623,0.8908152241493091,0.8958351201803088,0.8609957615247069
2000-01-01 02:15:00,0.8778604743222471,0.6766671184568305,0.7418690592621967,0.8290999841195171,0.7560765867777081,0.8086249922870973,0.8719704434151436,0.7523743955339183,0.8215366111473049,0.8152700523529184,0.868049671247215,0.8794550690532138,0.8867328381551624,0.901812960660884,0.8682582802577498
2000-01-01 02:20:00,0.8686131108085443,0.6807362804304027,0.7320536399681946,0.8186779589701331,0.7057475258755245,0.8067186157958259,0.8763073883552637,0.7455638101003095,0.8080788134968886,0.8130503241859977,0.8676141118711772,0.8700713868111553,0.8925070623556742,0.9029318565610468,0.901079308019755
2000-01-01 02:25:00,0.8647411860738063,0.6881529886757194,0.7277818566440062,0.806105116249523,0.7722226239535533,0.8113322041770409,0.8748822567183795,0.7459195712279123,0.8087537454054368,0.8185208694945859,0.8593905853044461,0.863387562381691,0.8687392769679817,0.9040676930975728,0.9067663991114345
2000-01-01 02:30:00,0.8562367046662837,0.6945913472035612,0.7288087634592112,0.8052649545271593,0.8181793194538428,0.8238629223900836,0.8653840975361091,0.7401935359542053,0.9117727357680364,0.8087619005361746,0.8578302428404623,0.8602254262756069,0.8771473242663279,0.8947656473610888,0.8709583838504124
2000-01-01 02:35:00,0.8688645159141968,0.7029892879890421,0.7423256566133672,0.8062215121969544,0.8143061196491883,0.8247396497106748,0.8795446629068913,0.7444342142750664,0.8244352755550847,0.8088539499576051,0.8679040579454769,0.8690620018516052,0.8744447011127041,0.8930027527365813,0.8679789251909337
2000-01-01 02:40:00,0.8754018638007612,0.7084979938890688,0.7516054586620731,0.8040882785045542,0.8116715528174459,0.8189458332868335,0.880056182121083,0.7418067535392568,0.8274504621068708,0.8092866624289807,0.8632541999779442,0.8628162389698601,0.877747759058314,0.8887105872498958,0.8639105484990907
2000-01-01 02:45:00,0.8673092888879866,0.7076588132947448,0.7400051814779556,0.8089032123385157,0.8086630831438136,0.8238455921707057,0.8790248573472091,0.7487034595723907,0.8300083174436302,0.8144246967760096,0.8630858153098724,0.8658665281161327,0.877580418007419,0.8911976147903389,0.8632333065938558
2000-01-01 02:50:00,0.8605141278593677,0.7093688291052884,0.7474422389788526,0.8235638657691943,0.809529863808672,0.8183144045147608,0.8770763111829426,0.755394606672534,0.8133868470775186,0.8140313921710618,0.8628755627063358,0.8881222500998526,0.8774623618489881,0.8861648515287112,0.871444195375166
2000-01-01 02:55:00,0.8760963683842066,0.7617167129475205,0.7379170023361844,0.8300557453372563,0.8103131056229974,0.8101480330561627,0.8798102682876778,0.7445322237548863,0.8115276653678272,0.8170659691723214,0.8555617500718056,0.8700146098809093,0.8774286185807435,0.8932987081403093,0.9455627204503795
2000-01-01 03:00:00,0.8913383149988682,0.781537450876016,0.7341628277457674,0.8214855109337384,0.8086792533291193,0.8115958465157423,0.8792460017692839,0.7417648906305959,0.8097033579260983,0.8222705927146715,0.8548696976540963,0.8877948900328303,0.8791118122279569,0.9006959502680442,1.0
2000-01-01 03:05:00,0.8732022828109245,0.7239606479904772,0.7157376182218551,0.8138641788560023,0.8073345887401275,0.820120213765283,0.8763590591000149,0.6701078222910345,0.8170432002454757,0.8153800398635016,0.8613776389195399,0.8792092374377121,0.8761944293759991,0.8972225706845065,0.959660260478995
2000-01-01 03:10:00,0.8751342900932697,0.7261363937566745,0.7197273846144082,0.9205840644109693,0.9176615101568228,0.82686583699766,0.8657275578718078,0.6765839959665063,0.8226320798332803,0.813512584181009,0.8703905193018128,0.9535787834008462,0.8792410499045834,0.8955407610384543,0.9633228060425779
2000-01-01 03:15:00,0.8718004021401331,0.7160115182606692,0.7292752583995491,0.9071706680985919,0.8135420095252227,0.8253454694900407,0.8716614425762993,0.7659190673499823,0.8190056618613201,0.8160319598713821,0.8689729902130034,1.0,0.8775256651704854,0.8922366833327522,0.963057589468312
2000-01-01 03:20:00,0.86262541204628,0.6581499844514307,0.7409789175323599,0.8796678864482917,0.8115393716860988,0.8166471043290289,0.8808376201457561,0.7476507563491052,0.8148852062704265,0.8180932708902124,0.8654048624157824,0.9829402208751035,0.8800652124712609,0.8879616467040263,0.9608828202898607
2000-01-01 03:25:00,0.856229354585399,0.7184650677638733,0.7482569498857491,0.820041963644083,0.8096587619040047,0.8173893618335378,0.8821228649095934,0.7191230769599074,0.8253324390498014,0.8194546282766533,0.866926050031979,0.9605034574470962,0.8795117194399938,0.8858357534207806,0.9633702630958542
2000-01-01 03:30:00,0.8668645833188161,0.7140811362708723,0.74390309295263,0.8323101696060563,0.8107606211900839,0.8373712523640815,0.8838788998560895,0.7482917312369856,0.8248482613138893,0.817143816455473,0.860261124395485,0.9643868347160706,0.877467180748656,0.886530332518657,0.9641343782543689
2000-01-01 03:35:00,0.7741046361467196,0.7168754352241514,0.7339742525290197,0.8312556814559864,0.8226345492323328,0.862653676347997,0.8811008394528888,0.692089775056455,0.8223253420889417,0.8145010471340854,0.8697872589099973,0.9604650068279574,0.8719064106509591,0.886599769176236,0.9592329806985997
2000-01-01 03:40:00,0.7825432056212727,0.7268272815207565,0.7332913087854971,0.8216799183063197,0.810079438469073,0.8626097531918258,0.8823170091743855,0.7413166673521083,0.8146994378245396,0.8124547742103163,0.8686467665967396,0.9430495122685165,0.8709912041761239,0.8922103961458786,0.9630822664088861
2000-01-01 03:45:00,0.772978816632411,0.7233169658409625,0.737685941232902,0.8170596880323355,0.7960091310498463,0.8638471111853938,0.8825644921184377,0.683073458442517,0.8225673123273036,0.8102127567164494,0.8738343159740244,0.9243532247044411,0.8691299339774137,0.897154802689507,0.9623111125795706
2000-01-01 03:50:00,0.7711472690879637,0.7280194621144473,0.7361584464589352,0.813777756248187,0.7987874913914994,0.8632407028034782,0.8817733228262555,0.6888801314682399,0.822297373784851,0.8113177828243141,0.8720949368619745,0.9079078583826906,0.8286051517057839,0.8812524187657358,0.9606313894025615
2000-01-01 03:55:00,0.7709268045799993,0.7198037054982906,0.7345333789772326,0.8047899863397104,0.8107286579602302,0.8515303499440212,0.8844746868500257,0.6325310457675458,0.8195774596798447,0.8225410486889186,0.8272173583454935,0.8536540005046012,0.8071290828275912,0.8266105009933771,0.9613215792710597
2000-01-01 04:00:00,0.7706157041358043,0.7613389796377531,0.7407956992888842,0.8056976462678971,0.8094022481422457,0.86180592771396,0.8855997441242363,0.630298418872985,0.8264959099346136,0.7598583062821213,0.7930813559497744,0.8525495799897729,0.8091490933721533,0.8210285570795763,0.96554720238084
2000-01-01 04:05:00,0.7586175427464693,0.7771069443653942,0.7457898371586742,0.8154931334685487,0.8086030864013841,0.8620895794637029,0.8211495037872021,0.6197290883157082,0.8204523784952825,0.7468483225222026,0.7880781129160037,0.849606161691454,0.8050926074188574,0.8216004501007537,0.9597065387182138
2000-01-01 04:10:00,0.7686133717076015,0.7742342331864766,0.7441848346135754,0.8210746549958859,0.8397147412622483,0.82086930693441,0.8133220705678139,0.6152025231946929,0.8167863386844714,0.7442154011836812,0.8038261238755812,0.7909550384126968,0.8065587665560576,0.8171075369588675,0.9581261321642676
2000-01-01 04:15:00,0.770920667617133,0.7810457696975588,0.7468767865276705,0.8202412617681593,0.8396015171446032,0.8319590961226928,0.8591586966767636,0.6111471212036585,0.8171958927402925,0.751621605695393,0.803552785817304,0.8075025254990382,0.8074419429647994,0.8142856453890162,0.957658066609113
2000-01-01 04:20:00,0.7735736219888656,0.7894318476985236,0.7466727067660995,0.8222550391033554,0.8298780153790798,0.9165792800539,0.9220152437282928,0.6124990819080983,0.8121249947752851,0.7454073004856786,0.80090649414687,0.8110240468381622,0.8048240613744085,0.814212975342303,0.9583323514855014
2000-01-01 04:25:00,0.7657461636476104,0.7846484389965439,0.7380351763729657,0.8193549639973734,0.7982289075462963,0.9288153147298691,0.9094198819717245,0.6073233246552087,0.38093750552341865,0.7302140632646126,0.7995836750533443,0.8649958528225136,0.8003536193402672,0.8134467287130027,0.9626331869626416
2000-01-01 04:30:00,0.7704354898225508,0.7750583910756296,0.7433870864584746,0.8155418870267522,0.8153377691238514,0.9611725890401596,0.9059464353850464,0.5710038591933826,0.48185577573898486,0.7309507848434073,0.7875816065130484,0.8264217999639971,0.7996864117005882,0.8208595280048523,0.9672140504449117
2000-01-01 04:35:00,0.7688134861143373,0.7774262126888013,0.7498088084771202,0.8153664342385276,0.8226012803943626,0.9448219859116124,0.9060624398097565,0.565832569339614,0.8534229516766405,0.7314872055891558,0.7999047885311351,0.8047003693847603,0.7986296232246431,0.8217220400904578,0.9624179620828617
2000-01-01 04:40:00,0.7681340614273745,0.7649196647029488,0.7561258119706873,0.8152647117328705,0.8215576471495375,0.9288576712313286,0.9179544306635207,0.5668421258118538,0.8625120708411731,0.7384287154431106,0.7961276922512632,0.8043453211941515,0.7988113827848761,0.8212019624430222,0.9664439873286339
2000-01-01 04:45:00,0.8046312018773877,0.765694862032199,0.7571547170282718,0.8096119193341781,0.8203898165833069,0.9334756113388173,0.9203436879521468,0.5686951603684541,0.8660911602472811,0.7668659673243763,0.7999183153323397,0.8063967464519688,0.8029063014313286,0.8210596174256034,0.9664426346719289
2000-01-01 04:50:00,0.8692438192181191,0.7649246922572235,0.7493686065682718,0.8080688285904634,0.8177266374285944,0.9293665086874769,0.9184671984201751,0.5656963139387575,0.8632134851280742,0.80746302236852,0.7943652295896849,0.8123557775951309,0.8063313749571159,0.8208658305928848,0.9656889762185973
2000-01-01 04:55:00,0.8682447778017102,0.7763739947323243,0.7531863428547838,0.8087204428984718,0.8192799202345087,0.9327457786792619,0.9175078924919855,0.5580049516557007,0.8617584976130745,0.8113027468087968,0.796832498659985,0.811131610752008,0.8321882453077638,0.8146864016097539,0.9601319562866639
2000-01-01 05:00:00,0.8737337114455888,0.7770024309947713,0.7462098595703542,0.8236317608330831,0.8459994110841154,0.8783219373672208,0.9177121024231428,0.5642969132791287,0.8672486788154872,0.7977105321994457,0.7911705622195575,0.8107180420832886,0.8748792196502365,0.8129248935481266,0.9570453260461014
2000-01-01 05:05:00,0.8651780081509262,0.7755291986894746,0.738770427033996,0.9154530695992019,0.8644311315187548,0.9293908874110214,0.9181628997331989,0.5669503656612062,0.8615901854352475,0.7621480861216758,0.7893357484625348,0.8089933466965414,1.0,0.8113327544953937,0.950811740100053
2000-01-01 05:10:00,0.8657855490167299,0.780855593061678,0.735562679280569,0.9235617416014927,0.8625798503661818,0.9290436848387288,0.9143849241731389,0.5703146869379329,0.8611092570255535,0.7544721101103902,0.7933858644771101,0.8019224850535438,0.8581862433479786,0.8101519061483045,0.9488954141143608
2000-01-01 05:15:00,0.8632219345412977,0.7792422650280157,0.7387317083566443,0.9266654214970698,0.8495269591439933,0.9297425069643167,0.9084498850554698,0.5751687364149883,0.8560116475217239,0.7316431423827515,0.7996621248154406,0.8091825071759967,0.833694041098561,0.8102919633587217,0.9661276145709885
2000-01-01 05:20:00,0.8638466409865851,0.7798904677575362,0.7347868218892492,0.9266223268812477,0.8594701017367521,0.9321141580212492,0.9075721856093626,0.5758486936033037,0.8623866522812416,0.7316346165806981,0.8014667727051028,0.8044006965017793,0.8297436808755481,0.8232575491515063,0.9591087642421665
2000-01-01 05:25:00,0.8738459719772843,0.7801671860444118,0.7276956085238788,0.935877517156795,0.8650163984186343,0.9324930612269385,0.9202613443615179,0.5734117581097667,0.8640534080166968,0.6990159626660107,0.795842761292168,0.8030145186976324,0.8299179777180916,0.8174223849269847,0.9588553429709404
2000-01-01 05:30:00,0.8632999462152531,0.7921049597107624,0.727749271908873,0.9343203731161643,0.8635525701655966,0.9383779419890941,0.9213598825304631,0.5635873136955071,0.8694303640864435,0.7436828404792352,0.7976542144273094,0.8082148671988083,0.8155544691575399,0.8205317280909338,0.956866473830764
2000-01-01 05:35:00,0.8552198389269136,0.8065183878943994,0.7869766978574896,0.9214703320667995,0.8218745401845807,0.9641752518111534,0.9223809581335016,0.563047081528747,0.865242547190265,0.7369694557112813,0.791430191672054,0.809106069297125,0.8021648947429368,0.9268216539580922,0.9557341891393041
2000-01-01 05:40:00,0.8530794218559897,0.775100389466313,0.7896324811712657,0.9084992707850622,0.8195588055504042,1.0,0.9187882967460262,0.56479987082791,0.8693846795349427,0.7057463074042549,0.7895799740291447,0.809975829435263,0.8055580562504734,0.8169521390211055,0.956032591517124
2000-01-01 05:45:00,0.8512595430985552,0.7457530380476606,0.7426394033225671,0.9196817314254274,0.8290616918369447,0.9568560683445255,0.9117224578314013,0.5678083995978982,0.8606199582282305,0.7412542604036136,0.7981560603915883,0.8085163880153179,0.8044704737478495,0.8172574413341576,0.948506721667808
2000-01-01 05:50:00,0.8549124702982239,0.8654217577890382,0.7449666616017308,0.9240341696695159,0.8266865296066956,0.9539992715398993,0.9131966848132734,0.5726318313017817,0.8590029517846678,0.7432245577985421,0.7993270756508136,0.8091209536745444,0.8053490276635439,0.8153987993510379,0.9646127017214629
2000-01-01 05:55:00,0.8489683488737895,0.8358399565985737,0.7474759188675275,0.9304214966771471,0.8272167177830856,0.9530252471592289,0.9014758450907352,0.5722844797256048,0.8699902761370565,0.7904498273464409,0.7945180794005052,0.8075730948571507,0.8042511516476938,0.8118263775826772,0.971003024571474
2000-01-01 06:00:00,0.8271279851935645,0.8139132186482915,0.7346494860121137,0.8974282384234563,0.8249628228414223,0.95754560430636,0.9039007648479358,0.56972907515861,0.9516640797201797,0.7548077091508395,0.7964405398492999,0.7812628671843447,0.804019131069139,0.8100780308862617,0.9732504923692535
2000-01-01 06:05:00,0.7483099497006566,0.7508960384315475,0.7483755284455063,0.9137634218411794,0.7648302389426538,0.945543386048015,0.9134876392784252,0.5690132014470827,0.9614399403085755,0.731308520695715,0.7951328649765964,0.8102665468117364,0.7974283409845431,0.8095397631114619,0.9693360731506696
2000-01-01 06:10:00,0.7392714283896388,0.767730820146541,0.7424684457846131,0.942939482270514,0.7654577322095698,0.9338195584034884,0.946444061210508,0.6306228946941538,0.9595212280659247,0.7314603876431548,0.791283888254882,0.8094086557008452,0.7964166539485343,0.8108608338021034,0.9676532468640079
2000-01-01 06:15:00,0.7407691613375808,0.7689374626114621,0.7363717308240808,0.940902684091772,0.8264852313609795,0.9146064903353911,1.0,0.5765703159030372,0.953929823279862,0.7393634189259233,0.7888615573611618,0.8087483130474938,0.7960705843750417,0.8173170905063056,0.9680925350584424
2000-01-01 06:20:00,0.7373308122274348,0.7574749918298621,0.7921631792960899,0.9395947755367577,0.7677383470285224,0.914876457537217,0.9912354356595993,0.5610998647249384,0.9539427280062444,0.7388679766172558,0.7892029292379192,0.8080077488554689,0.7958753142091441,0.8194192032483129,0.9675111516811229
2000-01-01 06:25:00,0.7512275405666968,0.7478993388675714,0.7620247240567692,0.9384427418474861,0.827870331045402,0.9321035320154657,0.9908101006924295,0.5592142461192102,0.9553369164179966,0.7410065025106443,0.7968650316554847,0.8143165702532974,0.796683672262292,0.832460502784416,0.9662736539924441
2000-01-01 06:30:00,0.7491047037581798,0.746421271259535,0.7598947834942262,0.9336095248623707,0.8243055743068151,0.9302470235622462,0.9882160829980298,0.5662379361702469,0.9529061908014913,0.7464609698350751,0.79633953315,0.8146598375560967,0.8029457135773154,0.8319700449496654,0.9529554731324305
2000-01-01 06:35:00,0.756683905539,0.7507539877394624,0.7566589948320195,0.9146658986454835,0.8225921334408236,0.9322366603510353,0.8875003541169988,0.5664266839777214,0.9485435226562002,0.7487903891737686,0.8037508277396458,0.8143123239540825,0.8022590119083216,0.8311301341500011,0.9518475429600836
2000-01-01 06:40:00,0.7627305915280002,0.7805919989867135,0.7464553140985009,0.9296818170235907,0.8218383788685142,0.838974676093484,0.8648861201058932,0.5655942982740183,0.9478680065307986,0.7453810982085565,0.8156808791518253,0.8116008080857159,0.8012546197606877,0.8316820627068902,0.9598288723699352
2000-01-01 06:45:00,0.755784821112944,0.7900368473496883,0.7515847549415686,0.9349313712068524,0.8245280350673834,0.8268925749587568,0.9021236599500814,0.5676007853228077,0.9465333010739286,0.7425706902735988,0.8118944687875123,0.8115273958421568,0.8003228980686431,0.8284554816266835,0.9601934927449046
2000-01-01 06:50:00,0.7468235707212649,0.7909859634339735,0.7477479583604142,0.9265123396468832,0.8249695258178974,0.8435320608132431,0.8665182770856674,0.5697195113853286,0.9558598776659274,0.7389708883762959,0.8063492436543465,0.804314446015009,0.8012543221672861,0.8242075049911018,0.958645570284544
2000-01-01 06:55:00,0.7360860552600614,0.8218775038219169,0.7461548377730224,0.9295787280029407,0.8248871617464781,0.8436005580590303,0.8790029337419253,0.5591939669359757,0.9531228391246642,0.7342263027106449,0.810650174507887,0.804522378320697,0.7949645143753771,0.8239706245570424,0.9253711327619687
2000-01-01 07:00:00,0.7735669538124821,0.9112673325033981,0.8939107769832356,0.9744236926046721,0.8632937238504035,0.8764096319683102,0.9635049784506925,0.5819494502284901,0.9904925816392373,0.7600302207086558,0.8773127468458534,0.8311210466821478,0.8146575047358648,0.8681014993699908,0.9055473650844874
2000-01-01 07:05:00,0.7766482780076123,0.9115953955201996,0.9037352882450008,0.98282915000925,0.8720155431683456,0.894079419099713,0.9203902811710573,0.5936414189410828,0.9933834980711422,0.7693368708381083,0.892350264824947,0.8400644403664358,0.8212871901872906,0.8722555367252827,0.9109533554990099
2000-01-01 07:10:00,0.7936992747399391,0.8726334676521038,0.9087047192003036,0.9857688046678144,0.8766506630344969,0.8992607845608633,0.8834127218263156,0.6031326189334911,0.9944599540831958,0.7743136794923346,0.8728502425526501,0.8454820042375458,0.8218863676638567,0.8826025856446589,0.914013733439893
2000-01-01 07:15:00,0.8023456714840329,0.8847222761429346,0.9002372672945981,0.999247755243292,0.993688443868854,0.8918328301628832,0.8788565037600723,0.6074398314612804,0.9863178999658428,0.7965481795702453,0.8736322922246041,0.8451905961994685,0.8469839365560092,0.8880661069970466,0.9221505328012913
2000-01-01 07:20:00,0.8042087279064862,0.8921424842423715,1.0,1.0,0.9898286666956587,0.8726588512443376,0.8775832321459054,0.6083664606225783,0.9915647548577898,0.7970917896782586,0.8718460657780654,0.8449843809192445,0.8541902173164797,0.8835709009392471,0.9237504430659794
2000-01-01 07:25:00,0.7938679548718904,0.8966668854722704,0.9214543906266569,0.9844442460424919,0.9896226919113154,0.8615399591714518,0.877358830567438,0.6071927774513448,1.0,0.8953335966299558,0.8384720346346476,0.8449472466914794,0.8534016871330733,0.9564408110912556,0.9238250148136009
2000-01-01 07:30:00,0.7889231698757535,0.8914358577423308,0.8947317304763357,0.9109182208809203,0.9962857586259705,0.8582672156572017,0.8791943189595282,0.6128407304482719,0.9993747532047224,0.8933816899916763,0.8327929959173831,0.8433745992725802,0.8537620327710747,0.9611070898608917,0.9233926667561321
2000-01-01 07:35:00,0.791925524307741,0.8821214739628658,0.9004494088599506,0.8681064459177413,0.9955685344301446,0.847684854243961,0.8804448169239102,0.6089011378908731,0.9948986586846165,0.9352373684003883,0.8472545572328731,0.8387522617732449,0.8529906385920778,0.9763450802721215,0.918000799204961
2000-01-01 07:40:00,0.7890799676918463,0.8852640179414375,0.9049238647632128,0.8754655518952734,0.9917278328027085,0.8467966377500161,0.8808764267449735,0.6051720968221517,0.9964476338951486,0.9244501134747891,0.8417315132655061,0.8375941330686909,0.8518644313585326,0.9589890002232994,0.91549294992124
2000-01-01 07:45:00,0.7720840308084543,0.890578881029796,0.9038460795967488,0.8913902600207834,0.9921366065395011,0.8366429515696152,0.8802080920019889,0.6129909092417168,0.9909766178592856,0.9266007581694486,0.8349802951960252,0.8422506251437338,0.8427646865064502,0.9809338887571128,0.9752643921226452
2000-01-01 07:50:00,0.7821757932839342,0.8876231875775105,0.8978705837724132,0.8890612488845803,0.9909782815455955,0.8416670869432428,0.8748840586570852,0.617111809175596,0.9877395950766724,0.9293429023511361,0.8337638915650611,0.8437231994288977,0.8422583814403088,0.9732260420751183,0.9602237363910289
2000-01-01 07:55:00,0.7936134734191845,0.8958066327941266,0.9041100720773181,0.8796540947767298,0.991643721599456,0.8456180329966154,0.8740493391641782,0.7776792951818692,0.9953112577846075,0.9286206546925502,0.8326384384924874,0.8459937373193978,0.8414884795014663,1.0,0.9238403526433737
2000-01-01 08:00:00,0.7883313562662766,0.8311665545561793,0.9040233629291753,0.8854760293605002,0.9914973013928527,0.8393667231924072,0.8699752101430247,0.9874945310054136,0.9985090705170506,0.9307040691375643,0.8413084248993729,0.8439586357138483,0.8420669845057012,0.9463052260644425,0.9273704089532506
2000-01-01 08:05:00,0.7952477126326409,0.8028278945333587,0.9038574829125011,0.8843076136154481,0.9934648079097006,0.842217742239829,0.8676145015531166,1.0,0.9979358338545639,0.9293999460351583,0.8433789915270846,0.8449372100560035,0.84349787600759,0.9345186492009722,0.9218119598970232
2000-01-01 08:10:00,0.8029891067700371,0.7915682845562101,0.9055939254700229,0.8765293025264629,0.9960166414739788,0.8384559345491116,0.868462062979006,0.8579274579100783,0.998193042192019,0.9342061191821104,0.855941428011423,0.8432799926092129,0.8490260144301137,0.9366935650291768,0.9739981613422254
2000-01-01 08:15:00,1.0,0.7914288626739362,0.8977529854031152,0.882336329863535,0.9940654187650683,0.8053719384929948,0.8658753829119157,0.8356317922044771,0.9962736289067367,0.9658892530567816,1.0,0.8378289289628148,0.8479062850539006,0.8832833646178745,0.920487929389932
2000-01-01 08:20:00,0.8061068883291271,0.7913973270917416,0.9062499806341038,0.9015658185454839,0.997220970599576,0.7595488098858159,0.862349638601336,0.8270181169168113,0.9920404385162335,0.9323606529313093,0.9941029545849612,0.8372858410794202,0.8469546669764376,0.8705600318785636,0.9137523079145186
2000-01-01 08:25:00,0.7822295656975334,0.7714839770127909,0.8858338721585112,0.8882650150433242,0.9743577093968977,0.7493846572768812,0.864231722076755,0.8001950245164081,0.967072813377557,0.9054001990609968,0.8723686747255031,0.8179486138302069,0.8324923274423921,0.8495147992162712,0.8924912811894293
2000-01-01 08:30:00,0.7619542576588213,0.7546775387445678,0.8482588923336092,0.8748340454331524,0.9560192491816344,0.7242154577391092,0.8293402856482475,0.7989801049725501,0.9470188592672749,0.9017290693340069,0.9110955684001523,0.8058189797902093,0.8197898858617667,0.8446310994271242,0.8839402198536743
2000-01-01 08:35:00,0.7697841203529354,0.768393766418979,0.8508541310306859,0.8639071412759716,0.9543917851285049,0.7313803409225493,0.8189415361516161,0.8475641113001998,0.9592215178878557,0.9041405755502189,0.8286716735937832,0.806033870642716,0.8159732978086267,0.8430803447168039,0.8843184094261547
2000-01-01 08:40:00,0.7636953694512839,0.7775875227833765,0.8485157467020025,0.8688383645458049,0.9525599558766223,0.7366964676813169,0.8320747506352023,0.8034241210026914,0.958334703124387,0.9084263897876731,0.8257377383370959,0.8152333783680863,0.8108056306927542,0.8327830038068967,0.8907493568712157
2000-01-01 08:45:00,0.771355010706245,0.7636300630612174,0.8657088863117108,0.8671284345652396,0.8813252294361967,0.7333352556574542,0.8400989431281662,0.7993687599352649,0.9597059255886355,0.911068055674926,0.8256041175594834,0.8202965879565006,0.8134956648346557,0.8324416260662056,0.8947369628627146
2000-01-01 08:50:00,0.7676576229364926,0.7521274255513076,0.8607198363900533,0.869755922514426,1.0,0.7349984957156083,0.8404355500427275,0.8021412841988984,0.9744681973040955,0.9120583107265865,0.8237097796403102,0.8184410468115406,0.8153714377842207,0.8362852860106501,0.8916328324295478
2000-01-01 08:55:00,0.7758145730742008,0.7481851370950635,0.8618777708466138,0.869943089616837,0.9832621967467827,0.7372730309357395,0.869862668023554,0.796991511443363,0.9705761759872525,0.9406173612005254,0.8144606013190996,0.8188576532153912,0.8148656173496056,0.8355974028927519,0.8917889139860051
2000-01-01 09:00:00,0.7824560890803212,0.7553867509602105,0.8713070157524891,0.8682363896540659,0.977257759090504,0.7372336443170899,0.8676448178869478,0.7951375062373089,0.9701257589452502,0.9114051483282111,0.8127593835380309,0.8183330563276685,0.8186220154340219,0.8612099783707531,0.8909260165895665
2000-01-01 09:05:00,0.781079297996627,0.758132879984003,0.8711928791826433,0.8673450460206846,0.9282899698203405,0.7370570670301734,0.8638720531478558,0.79492474735763,0.9640944417242319,0.9053316934863465,0.8563862217966408,0.8143831808860034,0.820911304368372,0.8607252665015234,0.8871128417343759
2000-01-01 09:10:00,0.7839500450468788,0.7686242883591191,0.8592969197487201,0.8531214641271764,0.9373583124540397,0.7348532452407603,0.8687559723805295,0.8001420092562112,0.9670272235328228,0.9064785697194215,0.8299043850088765,0.8115785793398883,0.8219076629486732,0.857993712527239,0.8855455893446198
2000-01-01 09:15:00,0.7729218412981905,0.7691170641445765,0.8577196603126398,0.8586831428888431,0.8721541874777997,0.7251848286379075,0.8652392778563983,0.8051016173448795,0.9742180437636041,0.9081965194645771,0.8275557547073614,0.8167664847396687,0.8213829127640503,0.8578878463494757,0.8890459404991673
2000-01-01 09:20:00,0.7725928291491949,0.7659483381361385,0.7717725560767598,0.8749713073165537,0.8468719709281195,0.7291210270114761,0.8463098290030336,0.8036599354508841,0.9478993440442459,0.913178702774874,0.8261728826626504,0.814246726795699,0.8227490974733714,0.8628137378640583,0.8984493429350171
2000-01-01 09:25:00,0.7718398464270028,0.758927293144247,0.7639142815197509,0.8646558040651171,0.8568058953747976,0.7341455584294946,0.8559157174852922,0.8032545148517528,0.8841371776130931,0.9272501251312247,0.8258129097463204,0.8136513114943716,0.821008593434574,0.8506608174208367,0.8953801722279259
2000-01-01 09:30:00,0.7680603540773032,0.7578102710976296,0.7631903100372387,0.8673519615492855,0.8482119140893194,0.7417809062743296,0.8628844103893298,0.8089477997817328,0.8591804463979532,0.9412464570517863,0.8233777730741936,0.8202768016783121,0.8144993214946775,0.8317398121676978,0.8938351398072103
2000-01-01 09:35:00,0.7689153754913398,0.755553220419922,0.7708751917668898,0.8785394652937465,0.8518324506848997,0.742765270733027,0.8614064774228088,0.8170224558099598,0.8422423583604789,0.9472789601077856,0.8210237779616985,0.8231729647210855,0.8105975101246891,0.8403212081671342,0.8931499918458916
2000-01-01 09:40:00,0.7791391266449817,0.7537138429413452,0.7802705917502232,0.8740441052195046,0.8512049118598821,0.746113138096799,0.8583689906587159,0.8845520998449817,0.8346075761445776,0.9553032191487982,0.8146767683331747,0.8244167887358073,0.8084327025101888,0.8390730449382793,0.8895237690815255
2000-01-01 09:45:00,0.7825209410416357,0.7623572690983482,0.8000970727862508,0.8692402068292278,0.8534938856701338,0.7512341279762746,0.8538635210940972,0.8837316593844291,0.8316180412647055,0.9627279366317228,0.8133205792047286,0.8220175986794841,0.8046778749743881,0.8453684092613546,0.8826468179892707
2000-01-01 09:50:00,0.7743033924332058,0.7615481132889618,0.8140660633668965,0.8636086560270736,0.8770825396863758,0.7501057419056653,0.8512240722993166,0.8818994069045362,0.8296622210391853,0.9472853783535193,0.8088496901789431,0.8221976021278086,0.8130050813564651,0.8510339802718545,0.8645521808767475
2000-01-01 09:55:00,0.7708869579763804,0.7539325717223793,0.8408532887295928,0.8537176551534085,0.8371450460342035,0.7598266748805182,0.8503988499430887,0.8952303397904404,0.833930461875384,0.9342755293238867,0.8095440311973618,0.8183214205034317,0.814872229833244,0.8498897364973877,0.8017067751954328
2000-01-01 10:00:00,0.7723866954490397,0.9005191344757354,0.8407122889568996,0.8520753033726378,0.8416759458119509,0.7631938173851373,0.8499776431174826,0.898726692549798,0.8413939231370458,0.9246453964629768,0.817939778388227,0.8161560752960796,0.8145867233986515,0.8503936839441169,0.8889614232334209
2000-01-01 10:05:00,0.7701048050863772,0.9826420021779045,0.8328346200278203,0.8529828892721796,0.8436264071349051,0.7578476880784999,0.8762607907730074,0.8989727558767138,0.8392255920160029,0.9237597974124764,0.8179614643161831,0.8086611012926962,0.8146653394232305,0.8505952658515806,0.8950759232534035
2000-01-01 10:10:00,0.7711089378803564,0.9866093910351528,0.8359353568684715,0.8634031277409655,0.8425505383781957,0.7546297477764123,0.8810696138191297,0.8548212490465134,0.8371081094900036,0.928767090348625,0.8170252676944021,0.8140984712673819,0.8139659456355327,0.8504780905740335,0.8964012634191576
2000-01-01 10:15:00,0.779645804127181,0.9211947531291834,0.8360761316639819,0.8772631898015029,0.8454350621981257,0.7626110921143988,0.8852771615276971,0.6781011115714822,0.8405207491700271,0.9321848739917711,0.8167770034298907,0.8190545910907949,0.814163312225152,0.8497499916665591,0.9440578512266622
2000-01-01 10:20:00,0.7790381720208732,0.9026686258486101,0.8284259357241262,0.8669704459745733,0.8484110656222202,0.7624798192636997,0.878648697015069,0.6745860497226078,0.8403635464007405,0.9266417608102465,0.816687454545596,0.8206926368026563,0.8052403781866732,0.8495600831407699,0.9023916660320199
2000-01-01 10:25:00,0.7669442183885872,0.903119604636418,0.7997183148084036,0.8629762597859965,0.845289944672782,0.7615580519997122,0.8766756647351397,0.6694912074132937,0.8311060822961703,0.9251668673436177,0.8183362718956639,0.8191604453924355,0.8048537316731205,0.8476986402953842,0.8880622973135599
2000-01-01 10:30:00,0.7747576548804437,0.8621091148786767,0.7774529236038716,0.8610475916912197,0.844442634543865,0.7641663412643944,0.8760847982291653,0.6909544798658311,0.8403783637362988,0.919608425001722,0.8153789727080986,0.8198376589616965,0.802379581999923,0.8469442599762772,0.9153595456929831
2000-01-01 10:35:00,0.8113614716431959,1.0,0.7770057933423291,0.8597895036333898,0.8442510235785613,0.7629021800572289,0.826175222273373,0.7057811650605096,0.8457490824844216,0.9188606251548356,0.8151023584067197,0.8137857707485028,0.7997985310582195,0.8468320303938766,0.9219670687870025
2000-01-01 10:40:00,0.8515947728448692,0.8614876431778264,0.7774081865944844,0.8479837624110509,0.8432829991210667,0.7635379910993123,0.8385647849644682,0.598687496285986,0.8451903784935566,0.9112226547430922,0.8146058824074138,0.8124592063359064,0.8077916107294822,0.8461549458030978,0.9223791122700299
2000-01-01 10:45:00,0.9211901925375888,0.9133114084485062,0.776768922998371,0.8543531893333751,0.8401737768214492,0.7638123032109517,0.8317589222215823,0.581779810939579,0.847209160274836,0.8992477739052295,0.8150037177684134,0.8108304715383279,0.7992132884642213,0.8392644371534789,0.9222655525131879
2000-01-01 10:50:00,0.9016253301739146,0.8870307291006686,0.7775005794305153,0.8586731906584062,0.8307891588076891,0.7520962122816137,0.8250912291221935,0.5782492328970079,0.8784790851780785,0.9058263157292931,0.8195732886186268,0.8065567679698054,0.7994017023269041,0.8447899516433549,0.920482312040661
2000-01-01 10:55:00,0.834667299379241,0.8405639137796372,0.7808440793593123,0.8446013415448124,0.8584215886624383,0.749615171354539,0.8253654780708103,0.577131520755224,0.8780604012569699,0.9075522860794777,0.8215434923150113,0.8050037423638243,0.7940636578621681,0.843885316542067,0.8960855370636026
2000-01-01 11:00:00,0.8650252690650283,0.7827805221416483,0.7894064489896663,0.8408625361707228,0.8689554943665507,0.751362567670818,0.8246101986513944,0.5742880648100369,0.8403301128518389,0.908145352025098,0.8184023727973226,0.8079249973564614,0.7932190086750117,0.842035544192393,0.8990727736001308
2000-01-01 11:05:00,0.8548750388258455,0.7820273919189199,0.7846417549072278,0.8470560156752389,0.868942420168629,0.7636312976654148,0.8243681517434029,0.568030260107455,0.8331427454741579,0.9080580300033388,0.817623316236229,0.8116631493525103,0.786924933310341,0.8411129764454092,0.9287416931651087
2000-01-01 11:10:00,0.827879196497678,0.7755705796262927,0.7326024300310164,0.8486502872177135,0.8533695428000463,0.7663115046662037,0.8274075367653358,0.5674886663279516,0.8462673076318347,0.906761547787214,0.8195483264724045,0.8099873827747388,0.7850372195477918,0.8415009840008671,0.8768420767547375
2000-01-01 11:15:00,0.805225973515793,0.7685503512051663,0.7526878290988761,0.8529070596818361,0.8475460253613781,0.7587223304250313,0.8166470822829618,0.5684028522735736,0.8463330472678435,0.9065718478470871,0.815594674179924,0.8407655764687207,0.784617396418559,0.8385177911788718,0.8670343649992659
2000-01-01 11:20:00,0.8116036372470509,0.7612371507528478,0.7565186760268683,0.8566327910146267,0.8442170305022391,0.7501566902117367,0.8068701969372798,0.5769523148974581,0.8317865798689668,0.9070365208546043,0.803513864889373,0.8112359426684849,0.7850751413577025,0.8317645478003125,0.8680699970209178
2000-01-01 11:25:00,0.8825079591103945,0.7574353393519919,0.7658155304412183,0.8653609085031557,0.8458146329302605,0.7494473492420067,0.8051835493887769,0.57535654750378,0.8317162938447694,0.906329865783478,0.8005128214721785,0.8062036035716579,0.7897965184950904,0.8299299111144831,0.8754800037582355
2000-01-01 11:30:00,0.8030361644302634,0.764336990992915,0.7497905249449729,0.8597831287074399,0.8450075521195,0.7444877132969058,0.8050261063322299,0.5744145775034827,0.8294361787973963,0.9038908562301656,0.8053090045641799,0.8012310729720757,0.792149439616522,0.8338730962177939,0.8782444874390491
2000-01-01 11:35:00,0.7768683259220103,0.7781157359249873,0.7451557972480854,0.8005486696359755,0.8366074558939882,0.7374633549516081,0.8062367976963488,0.5739380955395903,0.8287167386598578,0.8981396848643443,0.8084072663220268,0.80069662194864,0.7915394074308024,0.8380291801846534,0.8665118408678325
2000-01-01 11:40:00,0.7773114033185595,0.7829136483228099,0.7453667328659668,0.7508065382279911,0.8285286200489891,0.7435692614394888,0.8068326444233911,0.5734013822550306,0.8214496245039687,0.8994808802878029,0.808415585740582,0.8001357021405314,0.787237550979439,0.837562142821025,0.8618474654542496
2000-01-01 11:45:00,0.7755449901124619,0.7828087173993101,0.7389368309673175,0.7890628360482831,0.8369890317670554,0.7500773699674793,0.8053593172021672,0.576344639176475,0.8186789313688849,0.9070709359990176,0.8087825191725784,0.8009344950130384,0.7871643946950213,0.8211284254042505,0.8605656952078824
2000-01-01 11:50:00,0.8256410557012566,0.7735949194479762,0.7322046531584007,0.7858141647098128,0.8410440499125841,0.7495690637684227,0.7972027816152696,0.5829830124341742,0.8191291505089808,0.9069072710866802,0.809376741385803,0.8065743667670051,0.7862515907548653,0.8196069912416786,0.8602727334531667
2000-01-01 11:55:00,0.8401464032673341,0.7664168744131387,0.7329916330288624,0.7876503535641716,0.8415011926378766,0.7485281910526852,0.8127915236605265,0.5873967904661753,0.8242719119262738,0.9069721278079036,0.8081273896911182,0.8085619037840565,0.7812889501888852,0.8162843231815972,0.853882286127174
2000-01-01 12:00:00,0.8284064510297688,0.7643189849310331,0.7191653852707968,0.8112001220358301,0.8450845036667675,0.7506295026270413,0.8146541614095396,0.5927235613807205,0.8320913042275474,0.9077864763950457,0.8047264946858369,0.810911459936773,0.7818824595872262,0.816352881347111,0.855471749896092
2000-01-01 12:05:00,0.8205138742700612,0.7629877161964809,0.7236507134668668,0.813932286612236,0.8468172538978337,0.7508205670287692,0.8146845666834154,0.5931812784951311,0.8322162963007751,0.9048429828153474,0.7984451883571606,0.8106847782337296,0.7816885967399329,0.8164052041779771,0.8541426976341395
2000-01-01 12:10:00,0.8043990509960153,0.7611816053665658,0.7239026516034796,0.801675142669297,0.8470890652977127,0.7390855487875553,0.8126508778689383,0.5930792692024678,0.832081796457056,0.9046467061163694,0.797240359893981,0.8109990326822718,0.7818031398039521,0.8211344144458891,0.8530009317750091
2000-01-01 12:15:00,0.7981909132822049,0.7638091192120589,0.7280956468322269,0.7946765529289591,0.8470417979738798,0.739885012801178,0.8108291250960116,0.5932899401705038,0.8319035833235412,0.9048740026001991,0.791670092923066,0.8059446339108695,0.7831440927733431,0.8182837297082853,0.8547541368186231
2000-01-01 12:20:00,0.7905402287209509,0.764564292918846,0.7327629432245774,0.795230761404504,0.8370587367816572,0.7515874658385029,0.8080831451128168,0.5936179928391213,0.8317313819040644,0.8968642190810466,0.7945229337540249,0.8034082838944384,0.7892892024757422,0.8212164904797848,0.8613962228848209
2000-01-01 12:25:00,0.7805924237727976,0.7579280959408805,0.7302814853332551,0.7943796491480433,0.8141060146206378,0.752478685072364,0.8037091222214959,0.6149202080438863,0.8315029388197567,0.8963292749582454,0.7963341775478414,0.8022479800408391,0.7883756323893272,0.832526468973957,0.8617054211001309
2000-01-01 12:30:00,0.7663122263898701,0.7443650900641077,0.7220160524020101,0.7851696481730646,0.8139534893051547,0.7507602115413685,0.7911298918820356,0.6216897185256043,0.823574559354694,0.9001341650193148,0.7860286065964639,0.8025280584255718,0.7883441499159185,0.8272506791260948,0.861433879459187
2000-01-01 12:35:00,0.7679616333753593,0.736606865403084,0.7213279863591818,0.7873641488847073,0.8282187571720463,0.7500138111657114,0.8017070886968066,0.6230919691241283,0.8222096334356336,0.9049751881134394,0.7845683717796726,0.8015891125145628,0.7882598022906953,0.8231398871984366,0.8612297616406224
2000-01-01 12:40:00,0.7662054764756919,0.7359828940079863,0.7128466440720206,0.7942573282365939,0.827901906835082,0.7501163491802553,0.8084125064128092,0.6193496608348615,0.8216880620024363,0.9054019113346744,0.7815230954544481,0.8032055645212419,0.7877087444111116,0.826882046867281,0.8613454345489213
2000-01-01 12:45:00,0.7799652682498222,0.7366277522000395,0.7131103200199622,0.7913483121415773,0.8282360016722934,0.7399392713966979,0.8087137435638122,0.6128369764714057,0.8222065869110935,0.9043847242637857,0.7814531060923005,0.8083344740413332,0.7858468855168459,0.8332374531387625,0.8584996644034715
2000-01-01 12:50:00,0.8020748414339095,0.7458427322056681,0.7131550485096501,0.7809694291733924,0.8250976292585179,0.7374308079899727,0.8095024050522314,0.6016491964740049,0.8306857309267269,0.9054755124436434,0.7801910150719495,0.8084058359846982,0.7814270665201992,0.8316781077649759,0.8528071387014096
2000-01-01 12:55:00,0.797883550953211,0.7600951481597291,0.7151827609860214,0.7907338715982759,0.8261762536320854,0.738140546726556,0.7987387087627982,0.5872039914419148,0.8315102947963177,0.9041338475896088,0.7551017710546494,0.8086060772083666,0.7807070022048127,0.8319138801522611,0.8532063224949626
2000-01-01 13:00:00,0.793521602759551,0.7597048949167627,0.7263840214557379,0.7926399139424959,0.8254288722945862,0.7388333420021201,0.7831405357304103,0.5963209491855731,0.8308307828188302,0.9042884711727152,0.7638204787088616,0.8198234945867579,0.7808887653698636,0.8304408993268376,0.8531628655851281
2000-01-01 13:05:00,0.794081162203073,0.7486577717840678,0.733765902707149,0.7928115363086048,0.8256499760297157,0.7473603824340066,0.7747469772877135,0.5938234981334422,0.8306870518047513,0.8964925946407959,0.7740983870313605,0.8230784059257594,0.780695356031157,0.8229012090759226,0.852949738459931
2000-01-01 13:10:00,0.7931899861422536,0.7462291100540493,0.7223714969983228,0.7925669503738779,0.8095425611312939,0.749430991038069,0.7698804114269344,0.5935712425408571,0.8305840864253647,0.9011150935385003,0.7490148642583095,0.8162204891414282,0.7851394123825318,0.8234134483642211,0.8576513260877898
2000-01-01 13:15:00,0.7915985603196611,0.7464166516338929,0.721754174849967,0.802887580111153,0.808057206981999,0.74958675435935,0.7707090177564614,0.5762349008386345,0.8301291694838382,0.903857383820021,0.7438769219793895,0.815666312029966,0.7879270116038651,0.8299352819742815,0.8611129248109519
2000-01-01 13:20:00,0.801296132887438,0.7450810155422888,0.721261025226183,0.8029924749324646,0.8049306743664029,0.7492875760993987,0.7769760559571155,0.5770404351011776,0.821363816043744,0.9038055792264538,0.7457819476015004,0.8124072543142938,0.786940563761997,0.8318529501265722,0.8599875803667992
2000-01-01 13:25:00,0.8063296513828687,0.7361949174304171,0.7211162301833487,0.7831999877053439,0.8023273042063381,0.7484757255426817,0.784277315533175,0.5770795274506895,0.828595525235985,0.9044840473203468,0.7454920154378473,0.817224626612344,0.7867159152652252,0.8298314457368425,0.8748017676422843
2000-01-01 13:30:00,0.801243160823229,0.740757751410308,0.7120885283391798,0.7784177964471094,0.801908403959318,0.7491722711200488,0.7837766436848864,0.577316723681584,0.8300717701584903,0.9055040836237073,0.7446187267924632,0.8142598444232251,0.7872267853064383,0.8248428088457503,0.8773503223721102
2000-01-01 13:35:00,0.7903287315556271,0.7588146161329571,0.7119919005119603,0.7780632196729326,0.800158129728781,0.739911701468153,0.7837688112668881,0.5765047894324734,0.8300376377294615,0.90622224362765,0.7443733703916302,0.8195965061158091,0.7867945576484197,0.8224959682402906,0.8740137549707684
2000-01-01 13:40:00,0.7911743746286187,0.7567823416962844,0.7197743948829322,0.7787059831099161,0.7992605459896461,0.7357571056587597,0.7832246875550194,0.5770548220155346,0.8300529488488126,0.9278395712683863,0.7444135672081491,0.8227573242971316,0.781244177834323,0.8177309379397222,0.865854222890159
2000-01-01 13:45:00,0.7907093838901843,0.7464905308339344,0.7236568594422235,0.7786184618852929,0.7993755946265829,0.7372738122415744,0.7832099282012783,0.5750811756002904,0.8301570949083278,0.9347191296604936,0.737687368456283,0.8189970931825327,0.779346280383793,0.821293766845026,0.8688183646325839
2000-01-01 13:50:00,0.7893015632442535,0.7434402386989257,0.7134189256913187,0.7944740085288939,0.7966872635454103,0.7360892398851073,0.7818345362590079,0.5754755245029322,0.8299043929419069,0.9343310910213156,0.7375662921991885,0.8212562051149036,0.7797190742987957,0.8288404510401127,0.8747698912940177
2000-01-01 13:55:00,0.7837057478081813,0.7264097391722832,0.720652493011839,0.8025472760471752,0.786620322040059,0.7432925857154596,0.7705312062314212,0.5756665061199568,0.8561923238391188,0.9341983181105978,0.7446864338644483,0.8184355608997025,0.77950490576802,0.831332398968587,0.8733541269257844
2000-01-01 14:00:00,0.7878378063504983,0.7166675896186981,0.7212993116381152,0.7985391198882017,0.7870366365087421,0.7475086814072737,0.7698234074428424,0.5751558293465492,0.8632012850223554,0.923742282531129,0.7686368585499685,0.8122038474509188,0.780031322180889,0.8308066374619928,0.8747331269745097
2000-01-01 14:05:00,0.774792056345524,0.7182156648116869,0.7204964188662367,0.7896680993952085,0.7973740037947761,0.7474135754902673,0.7727300755507137,0.5690456842813493,0.8621034044397632,0.9075478522844442,0.7751195991730672,0.8147833774065495,0.7860161190160981,0.8310738146619516,0.8744631933535767
2000-01-01 14:10:00,0.7384694104450256,0.7339752719401952,0.7210329265055763,0.7893253725514868,0.8013023220663964,0.747379343945396,0.7838006212178731,0.5650078450241965,0.8527213521516839,0.9027214285926989,0.7807854770287918,0.8143318781398987,0.7864631940713587,0.8260318782579359,0.8735195122216922
2000-01-01 14:15:00,0.7249553926489348,0.7412406792180949,0.7199244142609005,0.7868859828825301,0.7995738715744745,0.7473500297498766,0.783808981864096,0.5646694445464858,0.8564399921051092,0.9077952277478589,0.7800147009520434,0.817079084446908,0.7860443814390926,0.8232155564464931,0.8873367079762062
2000-01-01 14:20:00,0.7206849954307627,0.7348025343041047,0.7202547486753463,0.7772411507918293,0.7984631703911288,0.7468470921280623,0.783231083336145,0.5694238230102567,0.8365684021856905,0.9060696540976386,0.7797438298984426,0.8143141361690166,0.7859322784398175,0.8266431119655675,0.9013579607767365
2000-01-01 14:25:00,0.7210547100548201,0.7288155034815603,0.7223409923578077,0.7769299017897161,0.7980747548699779,0.7403927833271368,0.7821264228758159,0.5748224915210635,0.8238375095107395,0.907149598941615,0.7793362741417403,0.8172607881802165,0.7855481756851268,0.8317673307780092,0.9001692654829417
2000-01-01 14:30:00,0.7312061260308639,0.7215783413262344,0.7133028547453784,0.7870669731458162,0.7990033793141244,0.7355098446452878,0.7821696255168432,0.5750556181417836,0.8313070635063093,0.9073583110087118,0.7792850860283332,0.8225896028819358,0.7838741982427444,0.8325292996849801,0.8906921551515069
2000-01-01 14:35:00,0.7324967810856695,0.7153014905689861,0.7113719956597666,0.7898467937732727,0.7923544257356736,0.7319135652304384,0.7832454827297369,0.5457644246626092,0.8298956549594697,0.907955543276244,0.7736254222368976,0.8225049389262861,0.7790787728072807,0.8299548378953638,0.8915659351019762
2000-01-01 14:40:00,0.7429589838659605,0.7154369877999242,0.7105249741580962,0.7812255435441032,0.7872133537394508,0.7319810910511001,0.7699936056181003,0.5694061209283428,0.8301152558436123,0.9088825288233383,0.7730853548937802,0.8223954995725258,0.7792650171936153,0.8276612074564438,0.8925013272150354
2000-01-01 14:45:00,0.7423488942693248,0.7165548265926721,0.7177593116402866,0.7885695703460641,0.7879156169277337,0.7373253653600804,0.7678978786233555,0.5733029294213946,0.8290020861116721,0.9086110238237665,0.7723898810985146,0.8194326880405378,0.7789100606207149,0.8213653549325551,0.867060396711832
2000-01-01 14:50:00,0.731864291834283,0.7271572968890879,0.720649987731804,0.7867402800218793,0.7985886211704708,0.7427719628594841,0.7685965822150016,0.5658719173633628,0.8298107481511895,0.9078523611687062,0.772344385731388,0.8146827756875399,0.7788900890294536,0.8176052539055216,0.8642709070101675
2000-01-01 14:55:00,0.7295408521685494,0.7299750547020891,0.7205979601067043,0.7881759396194112,0.7992532532228193,0.742949595063644,0.7772542254326221,0.5651955824122664,0.8306962018672854,0.9059900806621703,0.7737169271794804,0.8130192240536341,0.7825323237491943,0.824908026491334,0.8681193100260084
2000-01-01 15:00:00,0.7278173921676291,0.7281147922385454,0.7283889269376622,0.7884218763269025,0.796992251935406,0.7426172449075092,0.7822621924116392,0.5640957839915177,0.8314908996705503,0.905751667772126,0.780056711463247,0.8146985932514822,0.7859834591302898,0.8251464035195128,0.8682813476076678
2000-01-01 15:05:00,0.7246509520669331,0.7259552330681711,0.731186871562936,0.7910309797556703,0.7965644702277613,0.7429742453337218,0.7817444562258835,0.5707579129565244,0.8304041547882732,0.9050741202566814,0.7800327522595462,0.8116592053659427,0.7852887677993247,0.8243499845545385,0.8680851227900134
2000-01-01 15:10:00,0.7173922162479957,0.725773134535436,0.7140716009275725,0.797367468186476,0.7960008320344399,0.7252191757545494,0.7819669300175385,0.5732675941899779,0.8301964824035477,0.904183679699071,0.7797776814798576,0.8126963493698799,0.7854480780246589,0.8230902623111169,0.8678338397530052
2000-01-01 15:15:00,0.7253493803438578,0.7256705779841218,0.7110633341104426,0.7888729851687664,0.7919675950776832,0.7205045541517797,0.7813130915449099,0.5730899243772513,0.8297317822765357,0.9043704622631341,0.7793243049023938,0.8159465966795785,0.7864467455775207,0.8153962595069058,0.8676339528290017
2000-01-01 15:20:00,0.7371745755726873,0.7209317451531035,0.7110122328835444,0.7879331273957525,0.785345763484434,0.7113961912010183,0.7801024885082138,0.5730676401029092,0.8299553079940591,0.9046047058321187,0.7779614618745042,0.8212745307294192,0.7844176230218253,0.8153926637288403,0.8689715545227932
2000-01-01 15:25:00,0.7387484210883852,0.7186242907860256,0.7113336809738717,0.7877315872147658,0.785002771164288,0.7121197209924198,0.7768045104751676,0.5736315912140848,0.8296900106126537,0.900477154632203,0.7730286416373633,0.8207966689820471,0.7803028033147225,0.8209540412391937,0.8676821332934508
2000-01-01 15:30:00,0.7286579671534557,0.7269728146335982,0.7121532278074661,0.7876732353997677,0.7954251486395038,0.7121173084362894,0.7668382905859423,0.5668158521959437,0.8262305322487852,0.8962269850063903,0.7696355241341912,0.8206378728338184,0.7801690866323315,0.8198438040278411,0.861934103044014
2000-01-01 15:35:00,0.7288227757145422,0.7239602215289911,0.7156904037046006,0.7887451178459675,0.7972259898523427,0.7140268257931139,0.7676423163987323,0.5643302272197627,0.8194900754319653,0.8958105488276187,0.7693553654175774,0.8205820948677296,0.7813308582500079,0.8176670880007729,0.8604444104647433
2000-01-01 15:40:00,0.7283442300703292,0.7142680503119254,0.7284115128207206,0.7876178903017075,0.7964274696043331,0.7241222086941724,0.767805575124735,0.5655603530504165,0.820217264535866,0.9029659511863547,0.769344650225635,0.8145389349290488,0.781510511039736,0.8171589500569422,0.8601992329787105
2000-01-01 15:45:00,0.7284031514348395,0.7174588391896488,0.7315472619985122,0.7972675569757609,0.7959972649922938,0.7239400994720149,0.779663360280503,0.5678976106752717,0.8202852173909272,0.9041565686921904,0.7692028024873385,0.8131832987024967,0.7856953085004811,0.8108756743763095,0.8601339666328608
2000-01-01 15:50:00,0.7277692560880241,0.7255896064866016,0.7255668868072127,0.840605061598811,0.7961035877733282,0.7235073914359981,0.7804933826714842,0.5732137667946177,0.8303114562943998,0.9043339461355318,0.7760620260160968,0.8115931461682045,0.788759996728816,0.8099528962337443,0.8596802984102355
2000-01-01 15:55:00,0.724641851934688,0.7250024241209293,0.7203394632643907,0.8337631433582634,0.7920014528449177,0.7236977541358577,0.7809551583989782,0.5742161686857198,0.8311034495993258,0.9040001127775065,0.7767101046077945,0.812325300559013,0.7881942605992773,0.8127439941071407,0.8578274581304097
2000-01-01 16:00:00,0.7211646382693089,0.7241457572430264,0.7151699862330986,0.8273025012055762,0.7823135450510345,0.7231501949830599,0.77960748012551,0.573183277537473,0.8309035421257851,0.9027423334945569,0.7763490410141272,0.8121687881616351,0.7878345771249932,0.8167385555858699,0.8515805340999523
2000-01-01 16:05:00,0.7157904063317264,0.730243962565497,0.7094045979096707,0.81395167792723,0.7830551401026471,0.7224774402610266,0.7804371470277892,0.5726705499602202,0.8310507560582506,0.9023915469610921,0.7762321013421206,0.7993267495794271,0.7873354865736686,0.8163910691896016,0.8519204341791798
2000-01-01 16:10:00,0.7211746622837517,0.7316068459080702,0.7091312391946554,0.8210273080692582,0.7941412668831183,0.7131449679203208,0.7794920175895507,0.5687895997132137,0.8295073070840225,0.9028046006465584,0.7760358651032544,0.8037019800781606,0.7847437520337596,0.8160048265687669,0.8518827239788751
2000-01-01 16:15:00,0.7214365320084767,0.7206913369650854,0.709286828692109,0.82153611988936,0.7968571591433078,0.7115678862800785,0.770811537469999,0.563569177240815,0.8291273712413342,0.8955233693800391,0.7729512786797215,0.8032639067614947,0.7803558500461161,0.8110543799027131,0.8511490148154464
2000-01-01 16:20:00,0.721532011711078,0.7132028886966656,0.7105434522255567,0.7770981991725423,0.7956508952797564,0.7115454985261008,0.7671853026662337,0.5644147740884649,0.8192332440105198,0.8954993827853972,0.7712715450875242,0.8035141336259977,0.7802553534334766,0.8096819670468764,0.8583545647017998
2000-01-01 16:25:00,0.7199721643563743,0.7137004101858333,0.7226710556520359,0.7982810408508565,0.7955203675610591,0.7116861836786622,0.7669364698221853,0.5659822840833404,0.8191689950482837,0.8958108849087478,0.776321401351162,0.8029406296162508,0.7803733285800664,0.8091622819856195,0.8575397918883675
2000-01-01 16:30:00,0.7202278741607706,0.7139303212194299,0.7304527286209942,0.8015401907170732,0.7939656975864188,0.7206478205520725,0.7679040811552704,0.5721357068380032,0.8191967693686704,0.9026308463467217,0.7756543147357576,0.7987826799185411,0.7781256459387595,0.8084726646785871,0.8565417576972431
2000-01-01 16:35:00,0.7294233125617197,0.714838620835677,0.7203305775437273,0.7922311848766321,0.79004492255233,0.722817227075452,0.7800242186014458,0.5726529047725764,0.8192194149537595,0.9035090440512505,0.7759460879049705,0.7967369797349713,0.7820613812783559,0.8089730252838242,0.8529059210922791
2000-01-01 16:40:00,0.7242468155583937,0.7242573196719104,0.71966271332048,0.7887705161367148,0.7817766544720492,0.721601153550672,0.7801935692639792,0.5727428228562234,0.8277087724666576,0.90321463549087,0.7759048366707393,0.796497330898114,0.78549316251304,0.8139668459722873,0.8526139958776503
2000-01-01 16:45:00,0.7103904769352644,0.7326993378354617,0.7186656539855039,0.788556561797177,0.7817444062375661,0.7211893401242089,0.7810899812561514,0.5718985635342572,0.8278744227169894,0.9025119414728994,0.7750078847940443,0.7958321213397841,0.7849969004499224,0.8147063310112581,0.8527595411715718
2000-01-01 16:50:00,0.7090622339715013,0.7363206675362566,0.7178731279926234,0.7880868453445983,0.7920908252308472,0.7209358116728414,0.7798096027652508,0.5681336267443955,0.8272602701099694,0.9031972729099396,0.7820260844517444,0.7958396791442466,0.7843974783295062,0.8111075531543777,0.8473246610773212
2000-01-01 16:55:00,0.7180752499558861,0.7292508058116345,0.7095357542418629,0.8084718605596849,0.7951402419556561,0.7210709237086601,0.7808286307382996,0.5640140973106581,0.828035135393998,0.902741653046813,0.8018732162224013,0.7987696034445215,0.784021344842892,0.8109388654706665,0.8461063138312503
2000-01-01 17:00:00,0.7190535270840378,0.7237214478428945,0.7093125445477736,0.7927648462464957,0.7939077393676593,0.7120182334292449,0.7795659157820745,0.5634735291860583,0.8271340853475552,0.8948570919210622,0.8020761398600922,0.8030751435015419,0.7810079798256334,0.8067320750503976,0.8460567764824356
2000-01-01 17:05:00,0.7193270559678732,0.7154252132435515,0.7158843651292491,0.8263432008091004,0.7942418177404333,0.7101667828949105,0.7711820300793659,0.5639576417473005,0.8205031357780037,0.8946085857209345,0.8016688081822071,0.8026832038263052,0.7774199598101913,0.8038292068274308,0.8460903651170433
2000-01-01 17:10:00,0.7193113424234351,0.7141801392339101,0.7199149004603314,0.8427375688977192,0.7931302855741005,0.7098276835547053,0.7661765021382627,0.5719500394254752,0.8176140153114254,0.8953393634171573,0.7917613491975811,0.802870647394865,0.777552049882074,0.803997027806089,0.8469304960374039
2000-01-01 17:15:00,0.7348824362658308,0.713602744301517,0.7164735190146515,0.7906256897569337,0.7855922335664781,0.7097362080445987,0.7662626344989839,0.5724496781080698,0.8189103996925241,0.902463748590821,0.7974039866119399,0.8025562487300353,0.7775513398398677,0.8039493997853293,0.8526713757046466
2000-01-01 17:20:00,0.7450881143530375,0.7133978087291213,0.7187209093311161,0.7792077548027915,0.7808658564695284,0.7163464425949614,0.7664130171488355,0.5720105128827825,0.8183234903896298,0.9034078883000661,0.7882070239916847,0.798463907754062,0.7774173805287721,0.8041557189126401,0.8528418141320819
2000-01-01 17:25:00,0.7394974246630788,0.7238816694388585,0.7194885552782737,0.7664572290802535,0.7820684258960303,0.721209922302903,0.7779235758788263,0.571449295005048,0.8243558692611006,0.9025107485743346,0.7693672899161944,0.7959946957428393,0.7809527735575119,0.8073752862859646,0.8526605774764563
2000-01-01 17:30:00,0.7221627925283787,0.7339144876255591,0.7188697355691995,0.7535554299870428,0.7934637410471024,0.7209016915592158,0.7789809322203542,0.5684716502246613,0.8276685002691655,0.9025599312338134,0.7759765461166888,0.7964188654642865,0.7833193574615481,0.8104468290965818,0.8523142330192172
2000-01-01 17:35:00,0.7115299456828345,0.7257862263025822,0.7196465321769345,0.7539701362183069,0.7948102608483173,0.7204816541966736,0.7782764337929116,0.563280840849968,0.827763485668697,0.9017017350388415,0.775549107730678,0.7958918674777006,0.7832852183269842,0.8101219150398945,0.8494180265328759
2000-01-01 17:40:00,0.7216237071027513,0.7239630655658166,0.7189467280913556,0.7539171914466113,0.7928901714896388,0.7199152630810367,0.777963883384788,0.5633448315405727,0.8273294000382712,0.9005060935302939,0.7762266354626686,0.7959110577051247,0.7829682559286862,0.81000762563323,0.8457873282399969
2000-01-01 17:45:00,0.7221419645394238,0.7228644698925318,0.7105548726270889,0.7669869271572233,0.7929330101775122,0.7201139828329778,0.7788745287904081,0.5639385040255988,0.8270146360737943,0.8944024962230289,0.776214819853636,0.798096438652959,0.7825678474679258,0.8079424810336523,0.8455775524549306
2000-01-01 17:50:00,0.7299543163155867,0.7189364725169592,0.7188584531232675,0.7737448819226274,0.792760736509415,0.7119116670272273,0.7797753906979367,0.5710403647687274,0.8225188371488139,0.8946574822208523,0.7760908520168389,0.8031214121955806,0.7796524322193974,0.8034212331747603,0.8454901335602949
2000-01-01 17:55:00,0.732528758026346,0.7135782594122934,0.7198928816179735,0.7650927728376787,0.7821091657470738,0.707671930224401,0.7700919793992097,0.5717152446774285,0.8182176895955376,0.8956177224725502,0.7756579592391367,0.8028828152243398,0.776169919695357,0.8034357689649164,0.8459712198134471
2000-01-01 18:00:00,0.7306290071781113,0.7143886552052634,0.7114447186197425,0.7642140088049203,0.7805754504563643,0.7084490231017282,0.7658226336584777,0.5717144171274952,0.8181880651387444,0.902237990558388,0.7765588022707911,0.8028283914911053,0.7762148413061098,0.803465790128472,0.8489240814680025
2000-01-01 18:05:00,0.7312567784875579,0.725247483144732,0.7086540561889618,0.7644595968343161,0.7847509840959846,0.7090873734402175,0.765315098827337,0.5709785935473852,0.8179034852914966,0.9022419919249304,0.7758993860771226,0.8026248434131137,0.7763820986792987,0.8034805964411467,0.8520404193840004
2000-01-01 18:10:00,0.720006747594285,0.725102179972003,0.7151321113850145,0.7636385448327564,0.7935784938202071,0.7130274648339586,0.7656720975853345,0.568288113559811,0.822113131828388,0.9016182094789963,0.7757092110154388,0.7980576412411522,0.7763223245617467,0.8056144763299938,0.8516245557116616
2000-01-01 18:15:00,0.7191118501603596,0.7142446873157701,0.7192641855924822,0.7624091834833185,0.7934946654711617,0.7202195542027191,0.7777521486964754,0.5632499715714114,0.8270934993116481,0.9015995063522996,0.7748754348055574,0.7953955204354464,0.7795146612051612,0.8099874279949504,0.8517285914407721
2000-01-01 18:20:00,0.7204972899698384,0.7241213243685328,0.7195254192172654,0.7546745467086896,0.794360090452924,0.7185993594335163,0.7788004167629462,0.5632688762386889,0.8264675166267303,0.9015193039694783,0.7745613261976964,0.7965867595150208,0.7828859391174021,0.8102180091422616,0.8515825208510657
2000-01-01 18:25:00,0.7123148763911988,0.7264513832942927,0.7206020028749852,0.768266476966539,0.7947557854223559,0.720040523220453,0.7785761757728709,0.5629759388446272,0.8273712230886248,0.8969603912806201,0.7745087515504979,0.7979974372889134,0.782006582625791,0.8101710730239288,0.8460029043119369
2000-01-01 18:30:00,0.7102075822248775,0.7250781991708675,0.7235700442342222,0.765694222764864,0.7883063766714984,0.7202453327575287,0.7778955699304408,0.5716286520375418,0.8283576489233849,0.8939096348970398,0.76932716399262,0.7991826973808651,0.7824094860522353,0.8098531338840824,0.8453777264658369
2000-01-01 18:35:00,0.7171277663990068,0.7248619690815828,0.7232871247149913,0.7545721495627407,0.781958819936542,0.7198311922886874,0.779761972041379,0.5711472979990602,0.8240705447723462,0.8940878152280602,0.7685239893003502,0.8020165190043395,0.7828512059023901,0.8049314928026202,0.8459544577083918
2000-01-01 18:40:00,0.7227005969019745,0.7227673930959678,0.7187900018165767,0.7549520813184195,0.7816560371512726,0.7108082303822776,0.7793000374304729,0.573079007393371,0.8185512711087324,0.8966815512359412,0.7678407300405932,0.805667646546028,0.7801713235784457,0.8045376553722678,0.8462564431132845
2000-01-01 18:45:00,0.7172913674345192,0.7366211563409305,0.7132822938915255,0.7679184503499087,0.7942968961278052,0.7099918827410299,0.7671305962147118,0.5722149397825625,0.8182913028491706,0.9024396206464096,0.7679318989856758,0.8058030062782433,0.776740227523645,0.8047765239252834,0.8460445560662012
2000-01-01 18:50:00,0.7145193918157091,0.7468755199472191,0.7128060665288408,0.7688122793007433,0.7975448423263102,0.7131056599620431,0.7652226955044105,0.5701199528267822,0.8183808972262008,0.9028198653328673,0.7732169981659578,0.8055605214308443,0.7765277738091045,0.8044058342265235,0.8508188089344203
2000-01-01 18:55:00,0.7234644115544658,0.7468849058698664,0.7128337303763186,0.7683491457168579,0.7971848767252488,0.713951050804094,0.7659944460535815,0.5668122984312209,0.8241469103626007,0.9025367430609653,0.7772605955195098,0.8077240584432606,0.7788574079655148,0.8064365620572111,0.852305463632451
2000-01-01 19:00:00,0.7232538006782482,0.7247862088873783,0.7172818700624617,0.768811362702803,0.7960390780599633,0.7182770874350839,0.7710806860361157,0.5678663687001638,0.8309477003314989,0.9026861932534432,0.7775469926502493,0.8027018401612773,0.7793921192952169,0.8136167911752528,0.8544138920180117
2000-01-01 19:05:00,0.7214294065065266,0.7211742118859926,0.7222079988397426,0.783059861681451,0.7924432116883391,0.7242024327939127,0.782475916862952,0.5677393660296162,0.8306334971690322,0.905054006446289,0.7772681243754901,0.801261075698264,0.7825030693238457,0.8137831189068951,0.855695835341265
2000-01-01 19:10:00,0.7189668115592408,0.7368800477676266,0.7206343906260927,0.7689108671175934,0.7839524513263455,0.7217954917703581,0.7816793501008744,0.5742933373567395,0.82982433254827,0.8974324732186315,0.7773148966212251,0.8017028771774382,0.7854428750998871,0.8135630023391189,0.8531734654825126
2000-01-01 19:15:00,0.7315734954103085,0.7355312822477258,0.7260081207745879,0.7558160445596164,0.781287691968188,0.7206565038879014,0.782615265191523,0.5759854906482351,0.829829175772937,0.8971455552266528,0.7713802848138581,0.8010250123255518,0.7855759275836046,0.8132942888380001,0.8493187476958991
2000-01-01 19:20:00,0.7300046833723358,0.73420968602513,0.7300736354840275,0.7546296544695513,0.7890922656802816,0.7206656019347871,0.7811075815751707,0.5751607964037777,0.827788730923407,0.9056610376670876,0.768980104644367,0.7996083771365766,0.7836107647248437,0.8095354161962766,0.8491043230375135
2000-01-01 19:25:00,0.7198292871769095,0.7332836050106318,0.715151527911315,0.7516646043172925,0.7938824643429131,0.721573557194618,0.780663056009136,0.5720865481572991,0.8206777325276488,0.9053086676800084,0.7676670972542369,0.8009035991534754,0.7829384090446113,0.8046353584024925,0.8472186207205684
2000-01-01 19:30:00,0.7133498922058519,0.7260421749963478,0.7077046102027834,0.7490320979211719,0.7924986811110224,0.7120287497558876,0.7800577983670025,0.5656406022855273,0.8189393936291353,0.9044692652954074,0.7673481790653737,0.8036171205027973,0.7791938739144165,0.8034983022570971,0.8452838179211447
2000-01-01 19:35:00,0.706666524594774,0.7179264270714371,0.7067984212546371,0.7554124475227074,0.7915305143069272,0.7090088152141969,0.7692837036152967,0.5605081381636025,0.8363271134146851,0.9053855435373733,0.7691218762295214,0.801941309165594,0.7754001063931426,0.8028557163739842,0.8455870441265315
2000-01-01 19:40:00,0.7055044262639398,0.72838588615476,0.7052177197594653,0.7588714538461442,0.7875181863347626,0.7070802232274885,0.7649584469424473,0.5590921982743225,0.8229144752373807,0.902993802811401,0.7735656440699034,0.801418266841685,0.7749969928545097,0.80245229980164,0.8517187484060931
2000-01-01 19:45:00,0.7077634103900498,0.7387651573492999,0.7059482063684898,0.7663459226313679,0.7775124603378989,0.7074942617718245,0.7654757923910069,0.5575732011614364,0.8221222423305813,0.8977347194803041,0.7725671604509674,0.8003547171099966,0.7742501925160815,0.805365459617249,0.8513982400280916
2000-01-01 19:50:00,0.7086460266224159,0.7442546133624315,0.707249650092685,0.7718558202386493,0.7765698465598335,0.7120085133294328,0.766054708652851,0.5618127310851452,0.8293146882823272,0.9028520306058049,0.7724077035434331,0.7944328153182874,0.7733125811001252,0.8091585479362883,0.8498408859651226
2000-01-01 19:55:00,0.729361256411123,0.7455798047613839,0.7329428706928317,0.7646654310173869,0.7836013028009642,0.7183345365728137,0.7747063312440026,0.5654106064452267,0.8561132470180935,0.9408989058654559,0.7712992866679282,0.7919496461576163,0.7750928209189297,0.8077851850798416,0.8489624761613365
2000-01-01 20:00:00,0.7289873064087483,0.7488563044332457,0.75906674829984,0.7470802969984519,0.7876685393443792,0.7168248109222171,0.7756845968231462,0.5635767200267673,0.8261172759978638,0.9089759063405978,0.7655294558025325,0.7910618276281246,0.7784627355704064,0.8070994010881698,0.8432322409880256
2000-01-01 20:05:00,0.6876058057550587,0.7588347577100564,0.7105000136682302,0.7467133347512477,0.7879674857956716,0.7158069041103398,0.7723273504093339,0.5588605726874357,0.8241148157133171,0.9056743184908724,0.7636349315178766,0.7908841179959172,0.7772105570434977,0.8055614554244439,0.8406347584995033
2000-01-01 20:10:00,0.6860380626421626,0.7584043261802338,0.7055418230664223,0.7448423121485614,0.7878665705843981,0.7162623817693533,0.7699380045515799,0.5580545672742312,0.813456378426754,0.8965927485999133,0.7631101172155988,0.7899082617067528,0.7767870541816805,0.7997009664621578,0.8413235619060097
2000-01-01 20:15:00,0.685600346987708,0.7411195060177718,0.7032511178229113,0.7446909230677751,0.780556766164333,0.7167371477598496,0.7878980122267275,0.5560534401439412,0.8091563264845241,0.8908813441233916,0.7631668255009908,0.793082748125972,0.7752492654161701,0.7994012564055349,0.841151573309773
2000-01-01 20:20:00,0.6804631525265129,0.7356660822393146,0.6932883527961001,0.7448440935412198,0.7702529375815642,0.7022219500869025,0.7667152241158449,0.5569325395426535,0.8163879333396007,0.8886821232686485,0.7646626991647377,0.7955796123783792,0.7718900996049288,0.7989612270509338,0.8439963631496126
2000-01-01 20:25:00,0.6794599302255826,0.7309236054933699,0.6928247784563446,0.7533090357175157,0.7678660048298241,0.7005878516523805,0.7855071490046319,0.5556345569165367,0.816778495750151,0.8912115589707128,0.7679081314431936,0.7949862745137906,0.7662550337305756,0.7975840294946676,0.8478221586403001
2000-01-01 20:30:00,0.6745505345549182,0.7352400253883287,0.7198256501930136,0.762640946353907,0.7237386605680652,0.699019713098807,0.7572382358511868,0.5816465121063473,0.8151795958448605,0.8946997495056875,0.7692564937116229,0.7935987376642933,0.7649042552729681,0.7961473532721269,0.8476049870203817
2000-01-01 20:35:00,0.6807221750039111,0.7373561438563271,0.8972827097535357,0.7624681859741272,0.776313620180213,0.6976949254282325,0.8023925363283857,0.5799489778049205,0.9268531993501481,0.8924399459189197,0.7670260810490449,0.7948964007013245,0.7641753118100435,0.8010866831093499,0.8466675283099966
2000-01-01 20:40:00,0.6868260534679972,0.7367464980237775,0.7190116581005269,0.748655506082895,0.8340222792310475,0.7049177211237496,0.762831196078028,0.560848114408682,0.8784177251101734,0.8930282733786186,0.7629395191428247,0.7878221573172441,0.763121276375708,0.8002024496726858,0.8449279637879555
2000-01-01 20:45:00,0.6989636682724895,0.7495790873335204,0.7118883903567261,0.7437914684901717,0.9178157587442801,0.7095984029251139,0.758576595895392,0.6871249395688073,0.8082813225677046,0.8920541428786359,0.757617028651907,0.8005819462358506,0.7665831808626992,0.7990486205860626,0.980193900832145
2000-01-01 20:50:00,0.7001023558472934,0.7445054488769535,0.7134043343527698,0.738349317366817,0.7748293936512748,0.7098960600039593,0.7579638047530602,0.5621468076296673,0.808065527120202,0.8906321434280794,0.7574685497933574,0.7873060246433325,0.7711162568901802,0.799726943475207,0.9595623601555399
2000-01-01 20:55:00,0.798355973992333,0.7318059415779572,0.716676891643372,0.7376491392467092,0.7714392977695416,0.7075988747149164,0.7609753388461467,0.5591653877549644,0.8312765203463077,0.887581118033538,0.7566913043897235,0.789425081228293,0.7704598258161522,0.7957485251835519,0.8526493400289338
2000-01-01 21:00:00,0.747027157267889,0.7681557646060998,0.7464862022348294,0.7858563650428034,0.8091099043028721,0.7468566675063866,0.8073839170515555,0.601196766603888,0.8508789241020006,0.9676184279078806,0.7841069304503538,0.8521579456628389,0.7970025022907445,0.8220559407792902,0.8755626065379071
2000-01-01 21:05:00,0.7585718264521818,0.7764144525571199,0.7459217107293853,0.7949755320354311,0.8312466101948832,0.7617843171803244,0.817673628244305,0.6017132199534725,0.8633699698612114,1.0,0.7909576214850338,0.8295666595767665,0.804230847352413,0.8262275931700979,0.8768804292799671
2000-01-01 21:10:00,0.7659713962885488,0.7733933498876067,0.7735334586302027,0.8078673642409715,0.8322750603468805,0.753376984125074,0.8077030086032763,0.7083760146560169,0.8587834893606479,0.9868750086573751,0.7984243647341054,0.8296217130834368,0.7994936765315536,0.8290399433798182,0.934322050025348
2000-01-01 21:15:00,0.7766400980520901,0.7588561287060351,0.7474325510719148,0.806805766535089,0.8347795471985252,0.5793302173476239,0.7977805220998164,0.7072764080866343,0.8583920924276759,0.9545142457051699,0.8021242813287063,0.8280387267845304,0.797283915503657,0.8285164337808911,0.8812408204854062
2000-01-01 21:20:00,0.7742345493989433,0.7487710406749559,0.7647902876420958,0.7928590924404187,0.839198897993165,0.422055530697384,0.7967955076678099,0.8124784596702366,0.8620664627551563,0.9318187303274698,0.8033982182086745,0.8236122038809431,0.8060308036857469,0.831546802362865,0.8723399693786221
2000-01-01 21:25:00,0.7636386343052847,0.7582986060560875,0.7581600403424111,0.7903954288831093,0.8308718373351199,0.44473504281930526,0.8033412694246749,0.8228189374510333,0.8582290973783556,0.9282613664117424,0.8022294562245494,0.823918672442302,0.8107531733415436,0.8346865304883481,0.8741553198347688
2000-01-01 21:30:00,0.7623263273001111,0.7578208727122533,0.7450779576923915,0.7938511425190408,0.8272055369627841,0.6827217394808464,0.8108257494845413,0.8246803602244581,0.8553396720335681,0.9246413483983043,0.7938714385374414,0.9304446190317757,0.8110013477643185,0.8468827338847513,0.8761706359756447
2000-01-01 21:35:00,0.7612389213749983,0.7496452695199189,0.7439284847304499,0.7976813683597894,0.8238342647069483,0.7148497969618111,0.8084640847003574,0.8116392098306019,0.852487445211919,0.9342458832363985,0.7936720427506949,0.8234686045139692,0.8103401119730169,0.8296368669007455,0.8753967697464479
2000-01-01 21:40:00,0.7477346941812402,0.7561948007354722,0.7422313784412088,0.7980593123862643,0.8318968106223689,0.723561192996032,0.8921232666614735,0.8142351147029583,0.8479448706380968,0.9352486697710558,0.8654189616569001,0.8308162636980617,0.8059931754230762,0.9349465687092791,0.8757319352749537
2000-01-01 21:45:00,0.7245989622239396,0.7430955970566947,0.7341607504065696,0.8082294825194277,0.8327206782514851,0.7547797337961806,0.9272395410619807,0.8077202674289855,0.8522269290610017,0.9356230684851774,0.7933506005468342,0.832310263226116,0.8043909169093075,0.8274138799850806,0.8815653248124886
2000-01-01 21:50:00,0.7276706436070961,0.7855971779018881,0.7337204385574877,0.8155701977054801,0.8363839339381604,0.7553342723124343,0.8166924555861218,0.810464666112184,0.8611084801664206,0.9372810034828551,0.7986968170230025,0.8626435869832155,0.8019663297837848,0.8285398845336724,0.8813159305167136
2000-01-01 21:55:00,0.737758180734621,0.744132037284394,0.742644311810643,0.821124090631543,0.8337079634511254,0.7555659574465365,0.8127471888267809,0.8080488041888161,0.8636643989170788,0.9343227427498914,0.8001440397151902,0.8333090610785864,0.8041511477028392,0.8378747069050295,0.8817555402159214
2000-01-01 22:00:00,0.7439927872694287,0.7549943873257212,0.7426769868124964,0.8109341675781603,0.8345908808578971,0.7540756000501705,0.8128959032213413,0.8136459189110116,0.8640260899845869,0.928482845317091,0.8031492134019023,0.8334626717456352,0.8048704588261806,0.8399149562932716,0.8803235485431768
2000-01-01 22:05:00,0.7595364355910391,0.7679202735104885,0.7531096936007871,0.8021368972067011,0.8353916003802164,0.7571759732642728,0.8077129460965257,0.8221006250079473,0.8635405464601564,0.930867836338774,0.8061834049603543,0.8233883214314658,0.810483732721943,0.8399631585643528,0.8748566788064678
2000-01-01 22:10:00,0.759740458528925,0.7721090758431829,0.7522316672345472,0.8024242304647108,0.8370569711897459,0.7698135801524039,0.8058732028357918,0.8175242391047051,0.856115917271357,0.9362582831145153,0.7956941149372794,0.8245970016081787,0.8104834383960388,0.8405289739487215,0.8753922188554613
2000-01-01 22:15:00,0.7800835807503279,0.7599322652957761,0.7345287002980297,0.8113377696414387,0.8253294832054138,0.4339441403025178,0.8089499691746483,0.8173535226199882,0.8591372151593832,0.9330634189314697,0.7957099095314409,0.8267426187625285,0.808106631118736,0.8366182317755032,0.8753954660244596
2000-01-01 22:20:00,0.7623222285013274,0.7488904151612156,0.7358374784930646,0.8123700055619499,0.8242583182356796,0.6594261442540165,0.8166520633803748,0.8202263545569398,0.8566561767806475,0.9314303605904098,0.7985687580876015,0.8265969427547799,0.8091839595305457,0.8317985576630365,0.8759921355038102
2000-01-01 22:25:00,0.7208141242283485,0.7204097440786283,0.7130930968962128,0.8809485229483822,0.8058243878993758,0.7266145746726059,0.7888546566280303,0.7815156589063189,0.8230637207343496,0.9102812739109045,0.7806271996664814,0.8074350857187726,0.7879953318294437,0.8114157937017071,0.8547673915706672
2000-01-01 22:30:00,0.7078685409597658,0.6990733426265848,0.6972553179880291,0.7798756294701481,0.7994378629957848,0.6937218477820771,0.7684662840960597,0.765097259869271,0.8202272098038567,0.8958039460347733,0.771765216066264,0.7983525604789121,0.7707673923562728,0.8020120308004458,0.8528016111850655
2000-01-01 22:35:00,0.7102797007728276,0.6970102210616267,0.6981741078210584,0.79161627182398,0.7995852248395147,0.6863878959836149,0.7674160641140756,0.7724380647875522,0.8305029103285233,0.8910320556995067,0.7743407148174336,0.8023490647632628,0.7795457740051717,0.8025809084638176,0.8555314333074301
2000-01-01 22:40:00,0.6995488675370228,0.8372157226303577,0.7039723400997412,0.7801470199528558,0.798549339179492,0.6799647894850095,0.7646693874289544,0.7909582440549505,0.8221720239885031,0.8933793454803473,0.7720501475390095,0.8058398577180609,0.772105683096829,0.8066700097025545,0.8528976315935295
2000-01-01 22:45:00,0.6989920398199296,0.7233546992408972,0.7188483611309302,0.8120710430157345,0.7957577403976732,0.6790674770435334,0.7715412731921776,0.7863803772924143,0.8262114614521151,0.9041990683511345,0.7707550390494491,0.80410412536529,0.7715070059719007,0.8139939788179689,0.8550455201690599
2000-01-01 22:50:00,0.686219223430532,0.7269106093992379,0.7224843021088613,0.7710622849776229,0.8000869851217668,0.6855483733514376,0.7652285795396715,0.7954601456615429,0.8248452230595279,0.9129525166399525,0.7722465992757761,0.7983586467520445,0.8445718880581903,0.8096151852437502,0.846876267281879
2000-01-01 22:55:00,0.6892108849890471,0.7196528022348024,0.7144876519522967,0.7700582364010534,0.7888979162713037,0.6839563427265833,0.7591425652091301,0.7854857288468431,0.8209376571440374,0.9105000698779571,0.7705764567784388,0.8011699841648777,0.7845121074893189,0.813769827235183,0.8479421366146572
2000-01-01 23:00:00,0.6970802593284344,0.7206655397100159,0.708491074961819,0.7691711238433544,0.7883584528685141,0.6825854953799205,0.7621832621494953,0.7717004358073222,0.8129987320747059,0.9859299571760619,0.8154018607685878,0.7994731387177662,0.7836018954011079,0.8122821093917525,0.8481209799601529
2000-01-01 23:05:00,0.6946815382443777,0.7140292809762062,0.708973557186048,0.7633387193691308,0.7901830644126121,0.6809002580931782,0.7578536043961221,0.7730745072878321,0.8170676396727529,0.8982092801700092,0.8555974474146533,0.7965850307692979,0.7824991086070616,0.8054515689848499,0.8476196019664097
2000-01-01 23:10:00,0.6993089615232553,0.7078194754065512,0.7084588970923372,0.7762492398165143,0.801412964216803,0.6813740160105484,0.7693616809705456,0.7765927943808777,0.8167073153344643,0.8970727927749418,0.8540941847208624,0.7987394552134038,0.782394061592469,0.8046395559042242,0.8487863223096401
2000-01-01 23:15:00,0.7072791664758554,0.717642189006044,0.7081772726117056,0.785097705291521,0.8023571047879345,0.6815376598552749,0.7674588237677267,0.7751015186858683,0.8242549344544697,0.9022737928678051,0.8467840257728736,0.802434562433764,0.7830548197422305,0.8054396352499619,0.8560603982875519
2000-01-01 23:20:00,0.7125841836999479,0.7171667891553318,0.7086983816814559,0.7759817213757016,0.8005885237932662,0.6815397518799958,0.770590170526363,0.7808527213203632,0.8272163496505583,0.9077065679252604,0.8333390275475153,0.8071857888589187,0.7808449485662047,0.8060881526486388,0.8562859783717021
2000-01-01 23:25:00,0.7066151612801921,0.7717370323757164,0.7098801665806541,0.7761759805232322,0.802096252550915,0.6824402102826254,0.7738194225543173,0.7972271316795021,0.8275552158844642,0.9143101374529324,0.8488583220878492,0.807314662102269,0.7763184147883294,0.8531725848703275,0.8570049382431231
2000-01-01 23:30:00,0.7011189675881194,0.7322326887954198,0.7246296530283521,0.7668168504236753,0.8020671585121113,0.6824411550956517,0.772794481822191,0.8765202696784752,0.8296171758829403,0.9095264172607904,0.8081894920864414,0.8079615095815612,0.7773754065531596,0.8158117589555917,0.857513134094007
2000-01-01 23:35:00,0.700284021964073,0.7359728804818073,0.7510986783485536,0.7663189928608579,0.8011017689840662,0.6847315132404972,0.8292701942500048,0.8684024445497935,0.8275088824919533,0.9056553396697556,0.7870702842687116,0.8082046203041218,0.7772441558456364,0.8152469616119626,0.8527127405493832
2000-01-01 23:40:00,0.6970238110976946,0.7274701849556454,0.7523134259710198,0.7729599712150943,0.7919245039674851,0.6995825885786109,0.7819956926846506,0.8638635915786966,0.8209340587244958,0.896718037634317,0.7741632290036686,0.8027276711063422,0.7765858075338729,0.8159888225985771,0.8520996650870629
2000-01-01 23:45:00,0.6869253906317675,0.7161128907749041,0.7439526501211285,0.7749599892618181,0.791701632889581,0.7039151837130958,0.7778992805305772,0.8597154744049997,0.8245192353998578,0.8933893497771436,0.7784510999308952,0.8024801196838027,0.7801684868783477,0.8160127740415435,0.8527889263393506
2000-01-01 23:50:00,0.6896193126861974,0.7158369423106715,0.7177134309190962,0.7858280067968729,0.8027975510827899,0.703433285540152,0.7676654084491583,0.8623398033914519,0.8157295091121383,0.9008978983363527,0.7842140623804063,0.8010455012744891,0.7859112602667796,0.8102331874091308,0.8532953693247585
2000-01-01 23:55:00,0.7068080029656727,0.7204150091509401,0.7250032449354619,0.7850723520496068,0.8064926198918894,0.7041429301960603,0.7994974558389434,0.8678861955562075,0.8230561663537419,0.902436666998514,0.7873462920246677,0.8063943487731859,0.7869962705458954,0.8108527954213416,0.8531678158734335
